Accordion,music
harp,music
Ahoko  ,music
Ajaeng,music
Alboka ,music
Alphorn,music
Alpine  ,music
clarinet,music
flute,music
horn,music
sarrusophone,music
saxophone,music
Angklung,music
Archlute,music
Arghul ,music
Arpeggione ,music
Array  ,music
Aru-ding,music
Aulochrome,music
Babendil,music
Baglama ,music
Balafon,music
Balalaika,music
Bandola ,music
Bandoneón,music
Bandurria ,music
Banhu,music
Banjo ,music
Barbat ,music
Baritone ,music
Flute,music
Baryton,music
Drum,music
Bass ,music
sarrusophone,music
saxophone,music
oboe,music
Cor,music
horn,music
Bassoon,music
Bawu,music
Bayan,music
Bazooka,music
Bell,music
Berimbao,music
Bianqing ,music
Bianzhong ,music
Bifora,music
Biniou,music
Biwa,music
Bock,music
Bodega ,music
Bodhrán,music
Boha,music
Bombarde,music
Bombardino,music
Bongo  ,music
bagpipe,music
Bordonua,music
Bouzouki ,music
Bullroarer,music
accordian,music
Cabrette,music
Calliope ,music
Carillon,music
Castanets,music
Cavaco ,music
Cavaquinho,music
Caxixi ,music
Celesta,music
Cello ,music
Ceng ,music
Chabrette,music
Chapman ,music
Charango ,music
Chenda ,music
Chi,music
Chimes,music
Ching ,music
Chitaronne,music
Chitarra ,music
Chromatic,music
Cimbalom,music
Cimbasso,music
Cimpoi ,music
Cittern,music
Clarinette,music
Clavicembelo ,music
Clavichord,music
Concertina,music
conch,music
Conga ,music
Sarrusophone,music
Contrabassoon,music
Cornet,music
Cowbell,music
Cromorne,music
Crumhorn,music
Crwth ,music
Cuatro,music
Cuíca ,music
Cymbals ,music
Cymbalum,music
Dabakan,music
Dadihu,music
Dahu,music
Daiko,music
Dankiyo,music
Daraboukka ,music
Darabukka,music
Darbuka,music
Darvyra,music
Dhol,music
Dholak,music
Didgeridoo,music
Dihu,music
Diyingehu,music
Djembe,music
Doedelzak,music
Dombak ,music
Domra,music
Dotara,music
cuprophone,music
stylophone,music
Dudelsack,music
Dudy,music
Duff,music
Dulcian,music
Dulcimer ,music
Dulzaina,music
Dumbelek,music
Dutar,music
Duxianqin,music
Ektara ,music
Erhu,music
Erxian,music
Euphonium ,music
Fangxiang ,music
Fiddle,music
Fiscarmonica ,music
Flageolets,music
Flugelhorn,music
Folgerphone,music
Gaida,music
Gaita,music
Gajdy,music
Gambang,music
Gandingan ,music
Ganza,music
Gaohu ,music
Gayageum,music
Gehu,music
Glasschord,music
Glockenspiel,music
Gong,music
Gottuvadhyam,music
bagpipe,music
warpipes,music
Guan,music
Gugin,music
Guiro,music
Guitar,music
Guitar,music
Guitarrón,music
Guqin,music
Gusle,music
Gusli,music
Guzheng,music
Hammered dulcimer,music
Handbells,music
Hang,music
fiddle,music
Organ,music
Harp,music
Harpsichord,music
Heckelphone,music
Hegelong,music
Hélicon,music
Hichiriki,music
Hocchiku,music
Horagai,music
Horn,music
Hosho,music
Hsaio,music
Huemmelchen,music
Huluhu,music
Hun,music
Horn,music
Huqin,music
Igil,music
Inci,music
Ipu,music
Uilleann,music
Janggu,music
Shakuhachi,music
harp,music
Jiaohu,music
Jinghu,music
Kadlong,music
Kagul,music
Kangling,music
Kaval,music
Timpani,music
Bugle,music
Trumpet,music
Khene,music
Khim,music
Khloy,music
Khol,music
Kissar,music
Knatele,music
Kokyu,music
Komungo,music
Kora,music
Koto,music
Koudi,music
Koziol,music
Kubing,music
Kulintang a putao/ kulintang a tiniok,music
Kulintang/ kolintang,music
Kutiyapi,music
Kwa-yen,music
Lambeg ,music
Langeleik,music
Laruan,music
Launeddas,music
Leier,music
Leiqin ,music
Lirone,music
Lithophone,music
Lusheng,music
Lute,music
Maguhu,music
Malimba,music
Mando-bass,music
Mandocello,music
Mandola,music
Mandolin,music
Mangtong,music
Maraca,music
Marimba,music
Marimbao,music
Marinbaphone,music
Mbira/ Sanza/ Thumb Piano,music
Mellophone,music
Mellotron,music
Melodeon,music
Melodica,music
Metallophones,music
Mijwiz,music
Mittlealtersackpfeife,music
Mizwad,music
Moodswinger,music
Mridangam,music
Muchosac,music
bow,music
Nadaswaram,music
Naqara,music
Trumpet,music
smallpipes,music
Nyckelharpa,music
Oboe,music
Ocarina,music
Octaban,music
Octapad,music
Octavin,music
Octocontrabass,music
Oliphant,music
Ophicleide,music
Organ,music
Paixiao,music
Palendang,music
Piano,music
Piccolo,music
heckelphone,music
Pipa,music
Piva,music
Psaltery,music
Pulalu,music
Qanun,music
Quena,music
Quinticlave,music
Racket,music
Rainstick,music
Raita,music
Rajao,music
Ratchet,music
Rebab,music
Rebec,music
Recorder,music
contrabass,music
Pipe,music
tuba,music
Ruan,music
Ryuteki,music
Sabar,music
Sackbutt,music
Säckpipa ,music
Saenghwang,music
Sallaneh,music
Sampho,music
Sampler,music
Sang-auk,music
Santur,music
Sanxian,music
Sarrusophone,music
Saung,music
Saxhorn,music
Saxonette,music
Saxophone,music
smallpipes,music
Serpent,music
Serunai,music
Setar,music
Shamisen,music
Shawm,music
Shekere,music
Sheng,music
Shinobue,music
Shofar,music
Sihu,music
Siren,music
Sitar,music
Slidewhistle,music
Snaredrum,music
saxophone,music
clarinet,music
mandolin,music
saxophone,music
soprillo,music
Sorna,music
Sousaphone,music
Sralai,music
drum,music
guitar,music
Suling,music
Suona,music
Synclavier,music
Synthesizer,music
Tabla,music
Tagutok,music
Taiko,music
Tambour,music
Tambourine,music
Tamburitza,music
Tan-tan,music
Taphon,music
Tar,music
Tárogató,music
horn,music
mandola,music
sarrusophone,music
Tenoroon,music
Teponaztli,music
Thavil,music
Theorbo,music
Theremin,music
Timpani/ kettle drum,music
Timple,music
Tin whistle,music
Tjelempung/ Celempung (Javanese zither),music
Tom-tom,music
Tonette,music
Torupill,music
Trekspill,music
Triangle,music
Trombone,music
Tromboon,music
Trompeta,music
Trumpet,music
Tsampouna,music
Tsuri-daiko,music
Tuba,music
Tuhu,music
Tumpong ,music
Turntables,music
Udu,music
Ukulele,music
Valiha ,music
viola,music
Veuze,music
Vibraphone,music
Vielle,music
Vihuela,music
Viola,music
Viola d’amore,music
Viola da gamba,music
Viola organista,music
Violin,music
Violotta,music
Vladimirsky Rozhok,music
Volinka,music
Tuba,music
Washint,music
Washtub bass,music
Whip ,music
Whistle,music
WindChimes,music
Xiao,music
Xiaodihu ,music
Xun,music
Xylophone,music
Xylorimba ,music
Yazheng,music
Yehu ,music
Yu,music
Zampogna,music
Zaqq ,music
Zither,music
Zonghu,music
Zufalo,music
Zurna,music
music, music
musician, music
paint, music
painter, music
illustrator, music
animation, music
poet, music
poetry, music
lutenist, music
lute, music